DATE,PLATFORM,PERIOD,VOLUME_USD,SWAPS,UNIQUE_SWAPPERS,ACTIVE_POOLS
2023-06-01 00:00:00.000,uniswap-v2,no fee,95080618.35,177387,45960,3755
2023-06-01 00:00:00.000,uniswap-v3,no fee,588062935.66,228349,89900,2825
2023-06-02 00:00:00.000,uniswap-v2,no fee,92045325.5,163347,44058,4024
2023-06-02 00:00:00.000,uniswap-v3,no fee,550017915.82,243680,86618,2920
2023-06-03 00:00:00.000,uniswap-v2,no fee,78002189.15,147438,41272,3995
2023-06-03 00:00:00.000,uniswap-v3,no fee,328750451.26,199485,86227,2789
2023-06-04 00:00:00.000,uniswap-v2,no fee,70028508.61,142591,40614,3961
2023-06-04 00:00:00.000,uniswap-v3,no fee,304739637.96,213831,89959,2767
2023-06-05 00:00:00.000,uniswap-v2,no fee,102263646.43,155375,42055,4278
2023-06-05 00:00:00.000,uniswap-v3,no fee,1064495782.09,292683,93564,3141
2023-06-06 00:00:00.000,uniswap-v2,no fee,91326295.62,150019,40701,3878
2023-06-06 00:00:00.000,uniswap-v3,no fee,967300717.45,269119,85249,3106
2023-06-07 00:00:00.000,uniswap-v2,no fee,82122392.94,143711,39535,3872
2023-06-07 00:00:00.000,uniswap-v3,no fee,861659904.31,271467,81872,3157
2023-06-08 00:00:00.000,uniswap-v2,no fee,66235572.44,151380,39084,3770
2023-06-08 00:00:00.000,uniswap-v3,no fee,490582624.93,238712,85236,2954
2023-06-09 00:00:00.000,uniswap-v2,no fee,75482591.42,131967,37893,3885
2023-06-09 00:00:00.000,uniswap-v3,no fee,548892525.12,247905,85355,3025
2023-06-10 00:00:00.000,uniswap-v2,no fee,93597968.68,93858,31500,3874
2023-06-10 00:00:00.000,uniswap-v3,no fee,1710685554.23,440743,92990,3567
2023-06-11 00:00:00.000,uniswap-v2,no fee,50837818.44,89837,26889,3419
2023-06-11 00:00:00.000,uniswap-v3,no fee,497914195.76,276213,83804,2949
2023-06-12 00:00:00.000,uniswap-v2,no fee,61472745.86,120319,33222,3745
2023-06-12 00:00:00.000,uniswap-v3,no fee,833773822.35,303309,86810,2975
2023-06-13 00:00:00.000,uniswap-v2,no fee,63459080.97,111460,32812,3792
2023-06-13 00:00:00.000,uniswap-v3,no fee,807852118.19,290616,82941,2951
2023-06-14 00:00:00.000,uniswap-v2,no fee,70298549.66,114459,32697,3712
2023-06-14 00:00:00.000,uniswap-v3,no fee,960453083.66,267740,83987,3033
2023-06-15 00:00:00.000,uniswap-v2,no fee,62630848.23,123348,33331,3522
2023-06-15 00:00:00.000,uniswap-v3,no fee,1127067503.89,275738,85959,3055
2023-06-16 00:00:00.000,uniswap-v2,no fee,87816539.55,144546,37505,3508
2023-06-16 00:00:00.000,uniswap-v3,no fee,738720310.34,254153,88448,2984
2023-06-17 00:00:00.000,uniswap-v2,no fee,58526432.33,143001,35836,3526
2023-06-17 00:00:00.000,uniswap-v3,no fee,525929449.8,226115,78539,2901
2023-06-18 00:00:00.000,uniswap-v2,no fee,50809505.3,125079,31081,3426
2023-06-18 00:00:00.000,uniswap-v3,no fee,357480010.9,202403,74184,2724
2023-06-19 00:00:00.000,uniswap-v2,no fee,53987914.34,126051,33649,3507
2023-06-19 00:00:00.000,uniswap-v3,no fee,668390200.5,223433,81434,2795
2023-06-20 00:00:00.000,uniswap-v2,no fee,66559042.88,131504,35876,3743
2023-06-20 00:00:00.000,uniswap-v3,no fee,1026839016.3,270829,84966,3046
2023-06-21 00:00:00.000,uniswap-v2,no fee,83228964.37,137568,39389,3953
2023-06-21 00:00:00.000,uniswap-v3,no fee,1758124084.97,338311,90126,3298
2023-06-22 00:00:00.000,uniswap-v2,no fee,85277572.48,122882,38235,3971
2023-06-22 00:00:00.000,uniswap-v3,no fee,1200760722.77,296868,85720,3152
2023-06-23 00:00:00.000,uniswap-v2,no fee,78010845.69,133247,37617,3683
2023-06-23 00:00:00.000,uniswap-v3,no fee,1161780300.52,290543,85183,2929
2023-06-24 00:00:00.000,uniswap-v2,no fee,55645141.69,112444,32791,3818
2023-06-24 00:00:00.000,uniswap-v3,no fee,560012217.03,226125,71372,2894
2023-06-25 00:00:00.000,uniswap-v2,no fee,47925454.42,107492,30455,3836
2023-06-25 00:00:00.000,uniswap-v3,no fee,794112880.59,279560,77813,3023
2023-06-26 00:00:00.000,uniswap-v2,no fee,60470359,117559,33740,3717
2023-06-26 00:00:00.000,uniswap-v3,no fee,1084386729.16,307795,88168,3021
2023-06-27 00:00:00.000,uniswap-v2,no fee,57366881.48,110763,33626,3726
2023-06-27 00:00:00.000,uniswap-v3,no fee,1037294991.1,317936,102407,2962
2023-06-28 00:00:00.000,uniswap-v2,no fee,63811233.05,147510,37319,3701
2023-06-28 00:00:00.000,uniswap-v3,no fee,871406117.66,294485,87289,3028
2023-06-29 00:00:00.000,uniswap-v2,no fee,91291299.85,194982,43728,3694
2023-06-29 00:00:00.000,uniswap-v3,no fee,693187526.3,270675,98426,2847
2023-06-30 00:00:00.000,uniswap-v2,no fee,83324573.83,158267,41080,3788
2023-06-30 00:00:00.000,uniswap-v3,no fee,1871667429.03,391644,100325,3067
2023-07-01 00:00:00.000,uniswap-v2,no fee,50436017.64,158527,38500,3986
2023-07-01 00:00:00.000,uniswap-v3,no fee,601017842.02,248072,91518,2968
2023-07-02 00:00:00.000,uniswap-v2,no fee,44362074.34,143133,34398,3998
2023-07-02 00:00:00.000,uniswap-v3,no fee,675346973.95,265588,91511,2999
2023-07-03 00:00:00.000,uniswap-v2,no fee,57394918.76,155458,39088,3940
2023-07-03 00:00:00.000,uniswap-v3,no fee,968725362.13,307675,110879,3082
2023-07-04 00:00:00.000,uniswap-v2,no fee,57230610.05,127121,35088,3663
2023-07-04 00:00:00.000,uniswap-v3,no fee,692778282.18,253072,91540,2954
2023-07-05 00:00:00.000,uniswap-v2,no fee,69934677.03,119985,32371,2673
2023-07-05 00:00:00.000,uniswap-v3,no fee,744878938.01,212527,75371,2795
2023-07-06 00:00:00.000,uniswap-v2,no fee,97776175.53,171842,42947,3486
2023-07-06 00:00:00.000,uniswap-v3,no fee,1042315211.38,273849,84123,2915
2023-07-07 00:00:00.000,uniswap-v2,no fee,100243229.21,217227,48150,3964
2023-07-07 00:00:00.000,uniswap-v3,no fee,671636184.58,229478,79965,2888
2023-07-08 00:00:00.000,uniswap-v2,no fee,66948099.07,180627,43369,4262
2023-07-08 00:00:00.000,uniswap-v3,no fee,393159711.47,204589,82368,2931
2023-07-09 00:00:00.000,uniswap-v2,no fee,62038860.62,184276,41025,4233
2023-07-09 00:00:00.000,uniswap-v3,no fee,407564477.45,197112,78634,2944
2023-07-10 00:00:00.000,uniswap-v2,no fee,63880160.64,177140,43995,4047
2023-07-10 00:00:00.000,uniswap-v3,no fee,754173417.91,258050,87253,3209
2023-07-11 00:00:00.000,uniswap-v2,no fee,51964143.24,183794,43799,4120
2023-07-11 00:00:00.000,uniswap-v3,no fee,530265867.26,217513,83183,2937
2023-07-12 00:00:00.000,uniswap-v2,no fee,60301605.85,174558,42906,3924
2023-07-12 00:00:00.000,uniswap-v3,no fee,713475977.09,230159,86279,2959
2023-07-13 00:00:00.000,uniswap-v2,no fee,75964692.56,175067,42282,3999
2023-07-13 00:00:00.000,uniswap-v3,no fee,1520064202.72,317612,94483,3288
2023-07-14 00:00:00.000,uniswap-v2,no fee,79222756.78,152496,42999,4093
2023-07-14 00:00:00.000,uniswap-v3,no fee,1424147603.01,392068,98844,3330
2023-07-15 00:00:00.000,uniswap-v2,no fee,69704616.97,155034,39936,4173
2023-07-15 00:00:00.000,uniswap-v3,no fee,538576769.15,264753,91915,3040
2023-07-16 00:00:00.000,uniswap-v2,no fee,66978544.01,185809,42259,4020
2023-07-16 00:00:00.000,uniswap-v3,no fee,477226347.8,248809,86232,3132
2023-07-17 00:00:00.000,uniswap-v2,no fee,81990851.42,185587,44763,3867
2023-07-17 00:00:00.000,uniswap-v3,no fee,979533532.13,325122,89099,3097
2023-07-18 00:00:00.000,uniswap-v2,no fee,72421170.33,160829,42919,3505
2023-07-18 00:00:00.000,uniswap-v3,no fee,779857839.45,281740,97367,3049
2023-07-19 00:00:00.000,uniswap-v2,no fee,79914745.39,190754,47081,3853
2023-07-19 00:00:00.000,uniswap-v3,no fee,690044438.93,258404,87118,3002
2023-07-20 00:00:00.000,uniswap-v2,no fee,98485959.08,200889,50036,3763
2023-07-20 00:00:00.000,uniswap-v3,no fee,800724976.6,264827,82687,3111
2023-07-21 00:00:00.000,uniswap-v2,no fee,101078537.4,204218,48823,3727
2023-07-21 00:00:00.000,uniswap-v3,no fee,509265155.43,218456,79228,2981
2023-07-22 00:00:00.000,uniswap-v2,no fee,92819193.33,203434,48206,3943
2023-07-22 00:00:00.000,uniswap-v3,no fee,476326053.97,195628,81902,3044
2023-07-23 00:00:00.000,uniswap-v2,no fee,106878405.06,213081,49903,3959
2023-07-23 00:00:00.000,uniswap-v3,no fee,383936298.98,206619,82179,3113
2023-07-24 00:00:00.000,uniswap-v2,no fee,97834693.6,214438,51317,3682
2023-07-24 00:00:00.000,uniswap-v3,no fee,677598217.27,242999,85697,3176
2023-07-25 00:00:00.000,uniswap-v2,no fee,80632224.25,219377,50730,3848
2023-07-25 00:00:00.000,uniswap-v3,no fee,406838120.82,215920,81562,3131
2023-07-26 00:00:00.000,uniswap-v2,no fee,74303039.59,194130,48699,3959
2023-07-26 00:00:00.000,uniswap-v3,no fee,715715169.54,248062,87035,3046
2023-07-27 00:00:00.000,uniswap-v2,no fee,93976148,210732,52749,3747
2023-07-27 00:00:00.000,uniswap-v3,no fee,491519384.28,219964,79459,2998
2023-07-28 00:00:00.000,uniswap-v2,no fee,90379787.26,198522,50805,3718
2023-07-28 00:00:00.000,uniswap-v3,no fee,358512853.52,237200,88751,2907
2023-07-29 00:00:00.000,uniswap-v2,no fee,64268677.14,181145,49109,4086
2023-07-29 00:00:00.000,uniswap-v3,no fee,215563887.05,214221,81673,2907
2023-07-30 00:00:00.000,uniswap-v2,no fee,69740248.31,137136,44949,3774
2023-07-30 00:00:00.000,uniswap-v3,no fee,538792759.55,240110,82741,3084
2023-07-31 00:00:00.000,uniswap-v2,no fee,69144061.36,147106,45771,3725
2023-07-31 00:00:00.000,uniswap-v3,no fee,662203475.45,256717,87619,3068
2023-08-01 00:00:00.000,uniswap-v2,no fee,65553691.83,177513,48173,3992
2023-08-01 00:00:00.000,uniswap-v3,no fee,858510139.48,268358,78462,3178
2023-08-02 00:00:00.000,uniswap-v2,no fee,60539107.4,201193,49982,3800
2023-08-02 00:00:00.000,uniswap-v3,no fee,642600287.36,254080,76830,3027
2023-08-03 00:00:00.000,uniswap-v2,no fee,60557408.19,184018,48706,4025
2023-08-03 00:00:00.000,uniswap-v3,no fee,469279083.93,249883,83308,3070
2023-08-04 00:00:00.000,uniswap-v2,no fee,57342506.99,164429,45554,4100
2023-08-04 00:00:00.000,uniswap-v3,no fee,517913806.95,243823,79870,3113
2023-08-05 00:00:00.000,uniswap-v2,no fee,56991760.11,156855,43051,3853
2023-08-05 00:00:00.000,uniswap-v3,no fee,234078175.27,216539,79534,3000
2023-08-06 00:00:00.000,uniswap-v2,no fee,54273414.07,147532,41602,3919
2023-08-06 00:00:00.000,uniswap-v3,no fee,308265077.35,207541,76625,2993
2023-08-07 00:00:00.000,uniswap-v2,no fee,62670567.49,182847,47276,3784
2023-08-07 00:00:00.000,uniswap-v3,no fee,622585566.42,233642,78689,3170
2023-08-08 00:00:00.000,uniswap-v2,no fee,65294509.38,180433,47165,3711
2023-08-08 00:00:00.000,uniswap-v3,no fee,791583956.14,307445,80740,3294
2023-08-09 00:00:00.000,uniswap-v2,no fee,65862467.95,176586,48096,3810
2023-08-09 00:00:00.000,uniswap-v3,no fee,590062100.83,258563,81861,3256
2023-08-10 00:00:00.000,uniswap-v2,no fee,59289210.24,191815,48965,3784
2023-08-10 00:00:00.000,uniswap-v3,no fee,415038810.49,216321,75247,3198
2023-08-11 00:00:00.000,uniswap-v2,no fee,69558110.8,183050,48685,3913
2023-08-11 00:00:00.000,uniswap-v3,no fee,357718889.93,199205,79889,3113
2023-08-12 00:00:00.000,uniswap-v2,no fee,61904522.84,182144,47799,4019
2023-08-12 00:00:00.000,uniswap-v3,no fee,188602904.81,169708,72086,3045
2023-08-13 00:00:00.000,uniswap-v2,no fee,65188669.81,177286,46695,4001
2023-08-13 00:00:00.000,uniswap-v3,no fee,286906570.79,180708,71745,3075
2023-08-14 00:00:00.000,uniswap-v2,no fee,79158458.08,185923,48649,3709
2023-08-14 00:00:00.000,uniswap-v3,no fee,421827413.54,192489,69123,3084
2023-08-15 00:00:00.000,uniswap-v2,no fee,97634288.25,189113,51216,3707
2023-08-15 00:00:00.000,uniswap-v3,no fee,487721530.21,225438,79601,3313
2023-08-16 00:00:00.000,uniswap-v2,no fee,118621751.98,206465,53465,3736
2023-08-16 00:00:00.000,uniswap-v3,no fee,575209452.11,254869,75209,3266
2023-08-17 00:00:00.000,uniswap-v2,no fee,139439621.02,177004,52049,3612
2023-08-17 00:00:00.000,uniswap-v3,no fee,1911245852.7,309689,75837,3434
2023-08-18 00:00:00.000,uniswap-v2,no fee,94437703.27,181848,49958,3925
2023-08-18 00:00:00.000,uniswap-v3,no fee,980187340.58,263905,77993,3617
2023-08-19 00:00:00.000,uniswap-v2,no fee,62742501.98,167804,44746,4046
2023-08-19 00:00:00.000,uniswap-v3,no fee,391431741.4,180106,72343,3133
2023-08-20 00:00:00.000,uniswap-v2,no fee,68213412.28,175980,45813,3837
2023-08-20 00:00:00.000,uniswap-v3,no fee,354761510.89,168721,66902,3023
2023-08-21 00:00:00.000,uniswap-v2,no fee,62598025.24,191877,48391,3773
2023-08-21 00:00:00.000,uniswap-v3,no fee,543938113.48,211284,77974,3134
2023-08-22 00:00:00.000,uniswap-v2,no fee,86009845.33,180873,48244,3524
2023-08-22 00:00:00.000,uniswap-v3,no fee,933186836.01,239838,77144,3284
2023-08-23 00:00:00.000,uniswap-v2,no fee,69930712.13,177805,49651,3628
2023-08-23 00:00:00.000,uniswap-v3,no fee,804912888.99,234671,74284,3162
2023-08-24 00:00:00.000,uniswap-v2,no fee,95982499.91,178056,48262,3689
2023-08-24 00:00:00.000,uniswap-v3,no fee,532791354.49,196551,72300,3058
2023-08-25 00:00:00.000,uniswap-v2,no fee,115313049.86,208021,50542,3651
2023-08-25 00:00:00.000,uniswap-v3,no fee,601112567.48,196820,63717,3001
2023-08-26 00:00:00.000,uniswap-v2,no fee,82197758.9,166269,45642,3871
2023-08-26 00:00:00.000,uniswap-v3,no fee,214823925.72,135731,58367,2906
2023-08-27 00:00:00.000,uniswap-v2,no fee,62239944.81,153805,42115,3698
2023-08-27 00:00:00.000,uniswap-v3,no fee,253407731.57,142383,56800,2933
2023-08-28 00:00:00.000,uniswap-v2,no fee,125910885.1,221192,51865,3527
2023-08-28 00:00:00.000,uniswap-v3,no fee,544364278.3,177358,57873,2927
2023-08-29 00:00:00.000,uniswap-v2,no fee,110259834.09,198134,50920,3640
2023-08-29 00:00:00.000,uniswap-v3,no fee,1191459822.42,231744,62090,3212
2023-08-30 00:00:00.000,uniswap-v2,no fee,82522997.04,176406,48269,3638
2023-08-30 00:00:00.000,uniswap-v3,no fee,520790198.09,169974,62328,3075
2023-08-31 00:00:00.000,uniswap-v2,no fee,74055750.09,174884,48402,3852
2023-08-31 00:00:00.000,uniswap-v3,no fee,802192176.2,206822,63739,3245
2023-09-01 00:00:00.000,uniswap-v2,no fee,63976120.77,157526,45331,3942
2023-09-01 00:00:00.000,uniswap-v3,no fee,751113779.91,188866,59848,3294
2023-09-02 00:00:00.000,uniswap-v2,no fee,65415678.89,150562,41930,3863
2023-09-02 00:00:00.000,uniswap-v3,no fee,285995093.14,144869,54869,2885
2023-09-03 00:00:00.000,uniswap-v2,no fee,57725753.73,164521,41165,3834
2023-09-03 00:00:00.000,uniswap-v3,no fee,288254521.54,135737,51919,2854
2023-09-04 00:00:00.000,uniswap-v2,no fee,57188074.54,173760,45288,3798
2023-09-04 00:00:00.000,uniswap-v3,no fee,438829641.69,164995,54330,2927
2023-09-05 00:00:00.000,uniswap-v2,no fee,54357069,171586,45357,3917
2023-09-05 00:00:00.000,uniswap-v3,no fee,473164071.24,177039,59775,3059
2023-09-06 00:00:00.000,uniswap-v2,no fee,57769153.12,181788,48543,3896
2023-09-06 00:00:00.000,uniswap-v3,no fee,611000885.62,192357,58370,3029
2023-09-07 00:00:00.000,uniswap-v2,no fee,62491955.92,185443,47879,3723
2023-09-07 00:00:00.000,uniswap-v3,no fee,494237763.02,166307,55443,2903
2023-09-08 00:00:00.000,uniswap-v2,no fee,62676905.57,182751,45495,3853
2023-09-08 00:00:00.000,uniswap-v3,no fee,423113378.01,161944,56096,2971
2023-09-09 00:00:00.000,uniswap-v2,no fee,40524282.81,170799,40676,3844
2023-09-09 00:00:00.000,uniswap-v3,no fee,171550660.98,124221,49830,2831
2023-09-10 00:00:00.000,uniswap-v2,no fee,39680587.51,147549,37925,3872
2023-09-10 00:00:00.000,uniswap-v3,no fee,523647468.65,170607,50631,3146
2023-09-11 00:00:00.000,uniswap-v2,no fee,55561788.91,169825,44655,3992
2023-09-11 00:00:00.000,uniswap-v3,no fee,971531230.62,228835,55494,3175
2023-09-12 00:00:00.000,uniswap-v2,no fee,46861905.45,159133,41664,3896
2023-09-12 00:00:00.000,uniswap-v3,no fee,811590901.29,222288,53467,3120
2023-09-13 00:00:00.000,uniswap-v2,no fee,38859839,140749,37473,3455
2023-09-13 00:00:00.000,uniswap-v3,no fee,625926332.88,187186,51580,2935
2023-09-14 00:00:00.000,uniswap-v2,no fee,46156268.74,173309,44608,3732
2023-09-14 00:00:00.000,uniswap-v3,no fee,572299335.79,189281,57977,3038
2023-09-15 00:00:00.000,uniswap-v2,no fee,54854682.09,176047,44771,3831
2023-09-15 00:00:00.000,uniswap-v3,no fee,498368000.2,182501,56069,3051
2023-09-16 00:00:00.000,uniswap-v2,no fee,44671121.62,155732,38162,3955
2023-09-16 00:00:00.000,uniswap-v3,no fee,257013759.03,145199,49131,2923
2023-09-17 00:00:00.000,uniswap-v2,no fee,42038304.19,142607,34995,3976
2023-09-17 00:00:00.000,uniswap-v3,no fee,264949812.7,141325,47126,2904
2023-09-18 00:00:00.000,uniswap-v2,no fee,52164710.12,165221,43525,3819
2023-09-18 00:00:00.000,uniswap-v3,no fee,718891838.51,197291,52326,3082
2023-09-19 00:00:00.000,uniswap-v2,no fee,52111633.45,159648,45527,4103
2023-09-19 00:00:00.000,uniswap-v3,no fee,592927165.69,186190,54615,3116
2023-09-20 00:00:00.000,uniswap-v2,no fee,50480109.75,165256,44427,3877
2023-09-20 00:00:00.000,uniswap-v3,no fee,515760426.7,189031,54491,3046
2023-09-21 00:00:00.000,uniswap-v2,no fee,42367589.06,139999,39029,3914
2023-09-21 00:00:00.000,uniswap-v3,no fee,519705202.02,177771,52844,3194
2023-09-22 00:00:00.000,uniswap-v2,no fee,36958964.57,138895,38623,4035
2023-09-22 00:00:00.000,uniswap-v3,no fee,333736858.74,163504,55653,3040
2023-09-23 00:00:00.000,uniswap-v2,no fee,26511927.38,117255,33994,3866
2023-09-23 00:00:00.000,uniswap-v3,no fee,280911703.41,136651,52018,2949
2023-09-24 00:00:00.000,uniswap-v2,no fee,25547892.36,122940,33879,3983
2023-09-24 00:00:00.000,uniswap-v3,no fee,284055304.93,152656,53262,2903
2023-09-25 00:00:00.000,uniswap-v2,no fee,32481982.43,153321,38653,3779
2023-09-25 00:00:00.000,uniswap-v3,no fee,531719228.42,163683,53146,3081
2023-09-26 00:00:00.000,uniswap-v2,no fee,31002049.57,152387,38588,3680
2023-09-26 00:00:00.000,uniswap-v3,no fee,352119934.3,158152,53245,3061
2023-09-27 00:00:00.000,uniswap-v2,no fee,36455363.77,139813,37871,3799
2023-09-27 00:00:00.000,uniswap-v3,no fee,517003818.08,185784,55614,3251
2023-09-28 00:00:00.000,uniswap-v2,no fee,42433844.1,139303,38644,3948
2023-09-28 00:00:00.000,uniswap-v3,no fee,707206119.46,215167,57099,3215
2023-09-29 00:00:00.000,uniswap-v2,no fee,41203247.71,138026,38195,3926
2023-09-29 00:00:00.000,uniswap-v3,no fee,583646245.27,203054,59803,3305
2023-09-30 00:00:00.000,uniswap-v2,no fee,33739174.75,144089,35330,3907
2023-09-30 00:00:00.000,uniswap-v3,no fee,365160371.84,194310,85718,3142
2023-10-01 00:00:00.000,uniswap-v2,no fee,36128029.62,132040,36330,3972
2023-10-01 00:00:00.000,uniswap-v3,no fee,550887707.39,211362,57561,3431
2023-10-02 00:00:00.000,uniswap-v2,no fee,48628100.87,171441,41577,3957
2023-10-02 00:00:00.000,uniswap-v3,no fee,1024411708.37,242904,61147,3310
2023-10-03 00:00:00.000,uniswap-v2,no fee,34085725.61,156272,40812,4169
2023-10-03 00:00:00.000,uniswap-v3,no fee,513437279.53,213722,61887,3282
2023-10-04 00:00:00.000,uniswap-v2,no fee,39547300.09,137115,38953,4152
2023-10-04 00:00:00.000,uniswap-v3,no fee,570587907.24,230172,58163,3363
2023-10-05 00:00:00.000,uniswap-v2,no fee,38192784.37,130202,37419,4130
2023-10-05 00:00:00.000,uniswap-v3,no fee,519681781.34,192185,54699,3254
2023-10-06 00:00:00.000,uniswap-v2,no fee,38812395.03,138745,38538,4002
2023-10-06 00:00:00.000,uniswap-v3,no fee,566243024.53,188438,56209,3220
2023-10-07 00:00:00.000,uniswap-v2,no fee,33713001.82,133480,37486,3985
2023-10-07 00:00:00.000,uniswap-v3,no fee,245404411.52,162014,56439,3073
2023-10-08 00:00:00.000,uniswap-v2,no fee,37105121.02,130446,33987,4570
2023-10-08 00:00:00.000,uniswap-v3,no fee,449740046.16,157092,50466,3083
2023-10-09 00:00:00.000,uniswap-v2,no fee,57293139.25,146207,38380,3881
2023-10-09 00:00:00.000,uniswap-v3,no fee,640009709.73,204560,53868,3371
2023-10-10 00:00:00.000,uniswap-v2,no fee,43734004.04,141293,37475,3899
2023-10-10 00:00:00.000,uniswap-v3,no fee,470909973.74,177136,53486,3223
2023-10-11 00:00:00.000,uniswap-v2,no fee,46174268.12,140309,37566,3730
2023-10-11 00:00:00.000,uniswap-v3,no fee,574277361.27,189532,54636,3186
2023-10-12 00:00:00.000,uniswap-v2,no fee,40775448.29,131895,38808,3759
2023-10-12 00:00:00.000,uniswap-v3,no fee,551122960.35,202043,56735,3310
2023-10-13 00:00:00.000,uniswap-v2,no fee,37821322.8,126785,36688,4048
2023-10-13 00:00:00.000,uniswap-v3,no fee,445201142.61,189167,53662,3204
2023-10-14 00:00:00.000,uniswap-v2,no fee,29971421.67,121862,34000,3902
2023-10-14 00:00:00.000,uniswap-v3,no fee,210995686.12,135141,50279,3084
2023-10-15 00:00:00.000,uniswap-v2,no fee,38153501.73,112568,32248,3909
2023-10-15 00:00:00.000,uniswap-v3,no fee,288377130.48,176564,57148,3177
2023-10-16 00:00:00.000,uniswap-v2,no fee,48101771.9,144560,38133,3929
2023-10-16 00:00:00.000,uniswap-v3,no fee,1096150272.22,238468,60107,3410
2023-10-17 00:00:00.000,uniswap-v2,0.15% fee,45314593.51,137424,39656,3994
2023-10-17 00:00:00.000,uniswap-v3,0.15% fee,533742666.39,194825,63914,3382
2023-10-18 00:00:00.000,uniswap-v2,0.15% fee,51922396.92,148404,39882,3944
2023-10-18 00:00:00.000,uniswap-v3,0.15% fee,605984563.85,184015,56060,3296
2023-10-19 00:00:00.000,uniswap-v2,0.15% fee,56772680.44,162856,42102,3826
2023-10-19 00:00:00.000,uniswap-v3,0.15% fee,464508789.85,191107,57173,3282
2023-10-20 00:00:00.000,uniswap-v2,0.15% fee,55461125.74,163163,43004,3768
2023-10-20 00:00:00.000,uniswap-v3,0.15% fee,822630975.16,240334,60253,3372
2023-10-21 00:00:00.000,uniswap-v2,0.15% fee,57280416.23,133861,37816,3819
2023-10-21 00:00:00.000,uniswap-v3,0.15% fee,549931341.62,219045,58600,3505
2023-10-22 00:00:00.000,uniswap-v2,0.15% fee,67148314.37,135993,38997,3782
2023-10-22 00:00:00.000,uniswap-v3,0.15% fee,642131296.28,252546,56838,3506
2023-10-23 00:00:00.000,uniswap-v2,0.15% fee,106826871.22,158269,47188,3605
2023-10-23 00:00:00.000,uniswap-v3,0.15% fee,1626378558.88,340122,63250,3678
2023-10-24 00:00:00.000,uniswap-v2,0.15% fee,110049906.94,157970,49295,3779
2023-10-24 00:00:00.000,uniswap-v3,0.15% fee,2020155245.4,396446,72951,3764
2023-10-25 00:00:00.000,uniswap-v2,0.15% fee,100702963.1,160322,49408,3707
2023-10-25 00:00:00.000,uniswap-v3,0.15% fee,1167788334.05,319104,72898,3357
2023-10-26 00:00:00.000,uniswap-v2,0.15% fee,114592046.77,168942,48893,3615
2023-10-26 00:00:00.000,uniswap-v3,0.15% fee,1346669071.3,342659,71614,3479
2023-10-27 00:00:00.000,uniswap-v2,0.15% fee,107059044.86,176384,50732,3750
2023-10-27 00:00:00.000,uniswap-v3,0.15% fee,810301726.77,277143,75522,3353
2023-10-28 00:00:00.000,uniswap-v2,0.15% fee,74398576.56,168783,47191,3839
2023-10-28 00:00:00.000,uniswap-v3,0.15% fee,393631192.98,204123,68305,3257
2023-10-29 00:00:00.000,uniswap-v2,0.15% fee,72048634.92,162153,45924,3801
2023-10-29 00:00:00.000,uniswap-v3,0.15% fee,438758486.76,202376,58958,3304
2023-10-30 00:00:00.000,uniswap-v2,0.15% fee,82573447.18,175097,48875,3536
2023-10-30 00:00:00.000,uniswap-v3,0.15% fee,878575456.7,239068,60309,3259
2023-10-31 00:00:00.000,uniswap-v2,0.15% fee,100315665.67,177557,51208,3726
2023-10-31 00:00:00.000,uniswap-v3,0.15% fee,867200783.04,275416,70891,3409
2023-11-01 00:00:00.000,uniswap-v2,0.15% fee,92645960.8,169415,49944,3664
2023-11-01 00:00:00.000,uniswap-v3,0.15% fee,1241886197.4,324769,70251,3638
2023-11-02 00:00:00.000,uniswap-v2,0.15% fee,98095029.1,164928,51138,3669
2023-11-02 00:00:00.000,uniswap-v3,0.15% fee,1174522507.7,300793,67213,3596
2023-11-03 00:00:00.000,uniswap-v2,0.15% fee,79006132.84,146284,46262,3715
2023-11-03 00:00:00.000,uniswap-v3,0.15% fee,998285922.5,300394,70259,3539
2023-11-04 00:00:00.000,uniswap-v2,0.15% fee,69012875.65,157761,46399,3843
2023-11-04 00:00:00.000,uniswap-v3,0.15% fee,568163393.83,245482,70600,3469
2023-11-05 00:00:00.000,uniswap-v2,0.15% fee,73313486.4,172334,48234,3753
2023-11-05 00:00:00.000,uniswap-v3,0.15% fee,982947872.26,282999,71745,3624
2023-11-06 00:00:00.000,uniswap-v2,0.15% fee,89819996.64,179477,51131,3453
2023-11-06 00:00:00.000,uniswap-v3,0.15% fee,1039802489.69,281095,67942,3501
2023-11-07 00:00:00.000,uniswap-v2,0.15% fee,97647742.45,159744,51133,3517
2023-11-07 00:00:00.000,uniswap-v3,0.15% fee,1073931488.88,301946,76971,3588
2023-11-08 00:00:00.000,uniswap-v2,0.15% fee,109292831.59,179764,54762,3554
2023-11-08 00:00:00.000,uniswap-v3,0.15% fee,818138358.96,269578,80931,3599
2023-11-09 00:00:00.000,uniswap-v2,0.15% fee,151847907.76,151778,50832,3380
2023-11-09 00:00:00.000,uniswap-v3,0.15% fee,2584955558.23,437491,81129,3832
2023-11-10 00:00:00.000,uniswap-v2,0.15% fee,159055664.43,168552,54052,3566
2023-11-10 00:00:00.000,uniswap-v3,0.15% fee,1627408250.48,355608,76865,3741
2023-11-11 00:00:00.000,uniswap-v2,0.15% fee,100578181.41,154393,49580,3670
2023-11-11 00:00:00.000,uniswap-v3,0.15% fee,1273266670.56,330173,79484,3810
2023-11-12 00:00:00.000,uniswap-v2,0.15% fee,99686201.01,173464,51217,3671
2023-11-12 00:00:00.000,uniswap-v3,0.15% fee,972953450.64,338363,67715,3840
2023-11-13 00:00:00.000,uniswap-v2,0.15% fee,186969587.97,210605,54450,3320
2023-11-13 00:00:00.000,uniswap-v3,0.15% fee,1851628061.17,423094,62625,3652
2023-11-14 00:00:00.000,uniswap-v2,0.15% fee,153152710.2,190318,53196,3490
2023-11-14 00:00:00.000,uniswap-v3,0.15% fee,1705707060.76,419403,67917,3812
2023-11-15 00:00:00.000,uniswap-v2,0.15% fee,125139817.58,182757,55472,3689
2023-11-15 00:00:00.000,uniswap-v3,0.15% fee,1483208436.63,335809,65890,3791
2023-11-16 00:00:00.000,uniswap-v2,0.15% fee,130804107.96,159130,52622,3668
2023-11-16 00:00:00.000,uniswap-v3,0.15% fee,1867364692.85,334469,62794,3481
2023-11-17 00:00:00.000,uniswap-v2,0.15% fee,103616301.1,163288,50606,3724
2023-11-17 00:00:00.000,uniswap-v3,0.15% fee,1443004629.21,327900,69973,3726
2023-11-18 00:00:00.000,uniswap-v2,0.15% fee,95749223.56,158820,48088,3858
2023-11-18 00:00:00.000,uniswap-v3,0.15% fee,869799235.93,255677,67914,3636
2023-11-19 00:00:00.000,uniswap-v2,0.15% fee,89226864.71,154322,48069,3929
2023-11-19 00:00:00.000,uniswap-v3,0.15% fee,800881228.29,248144,67016,3623
2023-11-20 00:00:00.000,uniswap-v2,0.15% fee,125624563.53,148073,49811,3479
2023-11-20 00:00:00.000,uniswap-v3,0.15% fee,1306027854.1,313707,68240,3655
2023-11-21 00:00:00.000,uniswap-v2,0.15% fee,124827014.19,135026,45480,3155
2023-11-21 00:00:00.000,uniswap-v3,0.15% fee,1668453912.5,383083,70633,3857
2023-11-22 00:00:00.000,uniswap-v2,0.15% fee,102720605.02,155384,49870,3418
2023-11-22 00:00:00.000,uniswap-v3,0.15% fee,1542017846.84,298146,70097,3762
2023-11-23 00:00:00.000,uniswap-v2,0.15% fee,82832988.41,162651,49566,3473
2023-11-23 00:00:00.000,uniswap-v3,0.15% fee,911556178.33,220202,63290,3562
2023-11-24 00:00:00.000,uniswap-v2,0.15% fee,94042827.56,162783,49496,3690
2023-11-24 00:00:00.000,uniswap-v3,0.15% fee,1112342514.64,227064,62986,3244
2023-11-25 00:00:00.000,uniswap-v2,0.15% fee,98304875.59,147262,47356,3834
2023-11-25 00:00:00.000,uniswap-v3,0.15% fee,533933971.25,204962,71407,3644
2023-11-26 00:00:00.000,uniswap-v2,0.15% fee,135283221.21,168206,52003,3644
2023-11-26 00:00:00.000,uniswap-v3,0.15% fee,748136417.3,232431,65194,3606
2023-11-27 00:00:00.000,uniswap-v2,0.15% fee,140916191.08,192552,55541,3654
2023-11-27 00:00:00.000,uniswap-v3,0.15% fee,1048704294.1,256020,67214,3658
2023-11-28 00:00:00.000,uniswap-v2,0.15% fee,137525665.11,192529,54541,3536
2023-11-28 00:00:00.000,uniswap-v3,0.15% fee,1053157786.07,233278,64379,3466
2023-11-29 00:00:00.000,uniswap-v2,0.15% fee,126263847.2,190131,57695,3670
2023-11-29 00:00:00.000,uniswap-v3,0.15% fee,1006455234.76,220882,63519,3474
2023-11-30 00:00:00.000,uniswap-v2,0.15% fee,123706472.17,192423,56732,3561
2023-11-30 00:00:00.000,uniswap-v3,0.15% fee,746844037.75,200999,66547,3383
2023-12-01 00:00:00.000,uniswap-v2,0.15% fee,127578560.72,191278,58745,3732
2023-12-01 00:00:00.000,uniswap-v3,0.15% fee,953129507.13,228775,70317,3682
2023-12-02 00:00:00.000,uniswap-v2,0.15% fee,183851895.13,184097,58336,3774
2023-12-02 00:00:00.000,uniswap-v3,0.15% fee,909145380.33,233076,68712,3831
2023-12-03 00:00:00.000,uniswap-v2,0.15% fee,147760064.6,170894,55552,3834
2023-12-03 00:00:00.000,uniswap-v3,0.15% fee,731731831.27,235261,73167,3791
2023-12-04 00:00:00.000,uniswap-v2,0.15% fee,184109851.99,176242,56911,3622
2023-12-04 00:00:00.000,uniswap-v3,0.15% fee,1524960745.38,355838,83636,3943
2023-12-05 00:00:00.000,uniswap-v2,0.15% fee,204643015.94,168529,56513,3457
2023-12-05 00:00:00.000,uniswap-v3,0.15% fee,1483552452.98,345374,86643,3778
2023-12-06 00:00:00.000,uniswap-v2,0.15% fee,177707456.98,163286,54597,3345
2023-12-06 00:00:00.000,uniswap-v3,0.15% fee,1384192237.68,333352,83755,3782
2023-12-07 00:00:00.000,uniswap-v2,0.15% fee,155041200.01,166633,54691,3772
2023-12-07 00:00:00.000,uniswap-v3,0.15% fee,1432760681.55,332021,79918,3850
2023-12-08 00:00:00.000,uniswap-v2,0.15% fee,153039774.56,159026,56179,3794
2023-12-08 00:00:00.000,uniswap-v3,0.15% fee,1159547449.06,284879,81039,3903
2023-12-09 00:00:00.000,uniswap-v2,0.15% fee,160405836.32,133730,52821,3895
2023-12-09 00:00:00.000,uniswap-v3,0.15% fee,1368416634.64,322206,86074,4018
2023-12-10 00:00:00.000,uniswap-v2,0.15% fee,138228610.14,141855,52997,4127
2023-12-10 00:00:00.000,uniswap-v3,0.15% fee,705745528.51,268757,85629,3987
2023-12-11 00:00:00.000,uniswap-v2,0.15% fee,169031464.23,139155,50766,3606
2023-12-11 00:00:00.000,uniswap-v3,0.15% fee,1944472800.05,440251,89887,4113
2023-12-12 00:00:00.000,uniswap-v2,0.15% fee,150299457.6,138481,49800,3464
2023-12-12 00:00:00.000,uniswap-v3,0.15% fee,1296021527.63,364108,82237,3809
2023-12-13 00:00:00.000,uniswap-v2,0.15% fee,153758611,134242,49840,3294
2023-12-13 00:00:00.000,uniswap-v3,0.15% fee,1471140120.86,341051,80889,3741
2023-12-14 00:00:00.000,uniswap-v2,0.15% fee,144505429.9,136479,52988,3383
2023-12-14 00:00:00.000,uniswap-v3,0.15% fee,1258786626.42,296517,78828,3699
2023-12-15 00:00:00.000,uniswap-v2,0.15% fee,159893938.69,137213,51371,3281
2023-12-15 00:00:00.000,uniswap-v3,0.15% fee,1120681921.36,261488,77806,3694
2023-12-16 00:00:00.000,uniswap-v2,0.15% fee,153528331.82,119955,48481,3165
2023-12-16 00:00:00.000,uniswap-v3,0.15% fee,1366109746.94,241916,78175,3417
2023-12-17 00:00:00.000,uniswap-v2,0.15% fee,140186497.17,110759,45369,3522
2023-12-17 00:00:00.000,uniswap-v3,0.15% fee,970079167.27,250904,76293,3764
2023-12-18 00:00:00.000,uniswap-v2,0.15% fee,149943324.6,122550,44085,3181
2023-12-18 00:00:00.000,uniswap-v3,0.15% fee,1334540008.74,309967,81397,3809
2023-12-19 00:00:00.000,uniswap-v2,0.15% fee,137895347.38,121056,47549,3297
2023-12-19 00:00:00.000,uniswap-v3,0.15% fee,1135936849.6,308730,86268,3834
2023-12-20 00:00:00.000,uniswap-v2,0.15% fee,139927697.66,102664,43791,3211
2023-12-20 00:00:00.000,uniswap-v3,0.15% fee,1481573817.98,309865,84766,3557
2023-12-21 00:00:00.000,uniswap-v2,0.15% fee,141405219.98,112398,48932,3529
2023-12-21 00:00:00.000,uniswap-v3,0.15% fee,1361653870.88,335754,89104,3784
2023-12-22 00:00:00.000,uniswap-v2,0.15% fee,137208419.98,105939,46643,3645
2023-12-22 00:00:00.000,uniswap-v3,0.15% fee,1838586677.39,471000,98756,4110
2023-12-23 00:00:00.000,uniswap-v2,0.15% fee,100714082.73,98437,42767,3882
2023-12-23 00:00:00.000,uniswap-v3,0.15% fee,1067917083.77,341329,92828,3925
2023-12-24 00:00:00.000,uniswap-v2,0.15% fee,101417891.34,85577,38499,3755
2023-12-24 00:00:00.000,uniswap-v3,0.15% fee,1257120738.17,364770,85631,3974
2023-12-25 00:00:00.000,uniswap-v2,0.15% fee,102558784.88,78715,35298,3847
2023-12-25 00:00:00.000,uniswap-v3,0.15% fee,1072558191.57,332029,85012,4167
2023-12-26 00:00:00.000,uniswap-v2,0.15% fee,117776406.05,85392,37556,3985
2023-12-26 00:00:00.000,uniswap-v3,0.15% fee,1384564008.39,462981,103141,4347
2023-12-27 00:00:00.000,uniswap-v2,0.15% fee,144007207.73,91026,40621,3583
2023-12-27 00:00:00.000,uniswap-v3,0.15% fee,1793504971.89,523584,110488,4282
2023-12-28 00:00:00.000,uniswap-v2,0.15% fee,135259962.81,100334,42095,3575
2023-12-28 00:00:00.000,uniswap-v3,0.15% fee,2160529676.01,494248,106171,4230
2023-12-29 00:00:00.000,uniswap-v2,0.15% fee,119155716.45,112731,43169,3694
2023-12-29 00:00:00.000,uniswap-v3,0.15% fee,1759641096.94,408523,95184,4124
2023-12-30 00:00:00.000,uniswap-v2,0.15% fee,85183749.73,99857,38993,4116
2023-12-30 00:00:00.000,uniswap-v3,0.15% fee,894939222.45,305114,87988,3959
2023-12-31 00:00:00.000,uniswap-v2,0.15% fee,92536056.32,87334,37019,4836
2023-12-31 00:00:00.000,uniswap-v3,0.15% fee,955508188.99,323660,83502,4158
2024-01-01 00:00:00.000,uniswap-v2,0.15% fee,91169219.64,92929,37445,4398
2024-01-01 00:00:00.000,uniswap-v3,0.15% fee,961850967.19,325860,85187,4183
2024-01-02 00:00:00.000,uniswap-v2,0.15% fee,133495004.7,108299,44376,3716
2024-01-02 00:00:00.000,uniswap-v3,0.15% fee,1622985077.49,417498,93825,4289
2024-01-03 00:00:00.000,uniswap-v2,0.15% fee,175047228.32,115435,44879,3447
2024-01-03 00:00:00.000,uniswap-v3,0.15% fee,2800311120.41,587252,97215,4436
2024-01-04 00:00:00.000,uniswap-v2,0.15% fee,142650850.72,120106,47783,3636
2024-01-04 00:00:00.000,uniswap-v3,0.15% fee,1557479901.05,454920,96165,4328
2024-01-05 00:00:00.000,uniswap-v2,0.15% fee,125275813.7,109335,44463,3855
2024-01-05 00:00:00.000,uniswap-v3,0.15% fee,1744398664.44,434537,89678,4388
2024-01-06 00:00:00.000,uniswap-v2,0.15% fee,99303603.68,96694,41263,3686
2024-01-06 00:00:00.000,uniswap-v3,0.15% fee,885801423.02,334148,84868,4182
2024-01-07 00:00:00.000,uniswap-v2,0.15% fee,86692859.89,73957,33395,2939
2024-01-07 00:00:00.000,uniswap-v3,0.15% fee,948404352.88,336446,79999,4043
2024-01-08 00:00:00.000,uniswap-v2,0.15% fee,124572334.36,95614,40461,3443
2024-01-08 00:00:00.000,uniswap-v3,0.15% fee,1823972459.77,474341,93230,4403
2024-01-09 00:00:00.000,uniswap-v2,0.15% fee,125604465.47,112072,42980,3775
2024-01-09 00:00:00.000,uniswap-v3,0.15% fee,2507316243.13,477927,92452,4350
2024-01-10 00:00:00.000,uniswap-v2,0.15% fee,158051998.51,90576,36992,3216
2024-01-10 00:00:00.000,uniswap-v3,0.15% fee,3095860823.85,630994,91240,4388
2024-01-11 00:00:00.000,uniswap-v2,0.15% fee,159372657.38,104495,44683,3571
2024-01-11 00:00:00.000,uniswap-v3,0.15% fee,2134365679.56,512151,98648,4553
2024-01-12 00:00:00.000,uniswap-v2,0.15% fee,147680072.3,91964,38821,3656
2024-01-12 00:00:00.000,uniswap-v3,0.15% fee,2584059085.32,550995,96472,4477
2024-01-13 00:00:00.000,uniswap-v2,0.15% fee,116875612.32,107472,41340,3863
2024-01-13 00:00:00.000,uniswap-v3,0.15% fee,1020588857.54,334817,92334,4308
2024-01-14 00:00:00.000,uniswap-v2,0.15% fee,109530136.88,106958,38451,3221
2024-01-14 00:00:00.000,uniswap-v3,0.15% fee,936222293.69,287752,75591,4039
2024-01-15 00:00:00.000,uniswap-v2,0.15% fee,132363370.33,112813,44564,3471
2024-01-15 00:00:00.000,uniswap-v3,0.15% fee,903670848.47,328455,95732,4193
2024-01-16 00:00:00.000,uniswap-v2,0.15% fee,198276987.99,173534,53691,3425
2024-01-16 00:00:00.000,uniswap-v3,0.15% fee,980109308.39,312196,87225,4158
2024-01-17 00:00:00.000,uniswap-v2,0.15% fee,190773947.46,176113,53693,3610
2024-01-17 00:00:00.000,uniswap-v3,0.15% fee,912848460.01,335398,107394,4124
2024-01-18 00:00:00.000,uniswap-v2,0.15% fee,163936741.7,135372,47913,3556
2024-01-18 00:00:00.000,uniswap-v3,0.15% fee,1159350951.73,344423,98226,4342
2024-01-19 00:00:00.000,uniswap-v2,0.15% fee,153924513.75,124800,47382,3823
2024-01-19 00:00:00.000,uniswap-v3,0.15% fee,1318806542.85,379010,99725,4504
2024-01-20 00:00:00.000,uniswap-v2,0.15% fee,97794592.61,118466,42616,4207
2024-01-20 00:00:00.000,uniswap-v3,0.15% fee,541035328.95,273947,89592,4370
2024-01-21 00:00:00.000,uniswap-v2,0.15% fee,108466515.65,117474,42670,4287
2024-01-21 00:00:00.000,uniswap-v3,0.15% fee,552274598.98,256403,85238,4284
2024-01-22 00:00:00.000,uniswap-v2,0.15% fee,136887929.85,110638,41628,3984
2024-01-22 00:00:00.000,uniswap-v3,0.15% fee,1597163623.77,398328,89919,4429
2024-01-23 00:00:00.000,uniswap-v2,0.15% fee,127508179.54,108616,40483,4133
2024-01-23 00:00:00.000,uniswap-v3,0.15% fee,1821686555.73,415647,94813,4631
2024-01-24 00:00:00.000,uniswap-v2,0.15% fee,104445880.4,113970,41756,4144
2024-01-24 00:00:00.000,uniswap-v3,0.15% fee,980373324.8,325775,90473,4513
2024-01-25 00:00:00.000,uniswap-v2,0.15% fee,98608285.42,105288,38062,3438
2024-01-25 00:00:00.000,uniswap-v3,0.15% fee,1104707317.85,310265,91931,4116
2024-01-26 00:00:00.000,uniswap-v2,0.15% fee,107109546.03,117691,42632,3630
2024-01-26 00:00:00.000,uniswap-v3,0.15% fee,1021336103.96,294643,89171,4357
2024-01-27 00:00:00.000,uniswap-v2,0.15% fee,85534466.7,93412,36547,3793
2024-01-27 00:00:00.000,uniswap-v3,0.15% fee,555214186.19,230617,83269,4327
2024-01-28 00:00:00.000,uniswap-v2,0.15% fee,87230499.81,100153,37788,3925
2024-01-28 00:00:00.000,uniswap-v3,0.15% fee,666576804.54,284685,88366,4433
2024-01-29 00:00:00.000,uniswap-v2,0.15% fee,100212209.24,107903,41787,3911
2024-01-29 00:00:00.000,uniswap-v3,0.15% fee,1042833637.23,293822,93757,4411
2024-01-30 00:00:00.000,uniswap-v2,0.15% fee,104930709.97,130357,44794,3748
2024-01-30 00:00:00.000,uniswap-v3,0.15% fee,1122582207.49,342724,99651,4373
2024-01-31 00:00:00.000,uniswap-v2,0.15% fee,126662111.57,124585,46903,3610
2024-01-31 00:00:00.000,uniswap-v3,0.15% fee,1289067486.46,371553,102050,4345
2024-02-01 00:00:00.000,uniswap-v2,0.15% fee,84829262.41,102858,39036,3531
2024-02-01 00:00:00.000,uniswap-v3,0.15% fee,1013742353.19,312340,93444,4345
2024-02-02 00:00:00.000,uniswap-v2,0.15% fee,88595438.41,108865,42002,3583
2024-02-02 00:00:00.000,uniswap-v3,0.15% fee,827599348.2,291607,95415,4261
2024-02-03 00:00:00.000,uniswap-v2,0.15% fee,73675370.21,122617,43343,3627
2024-02-03 00:00:00.000,uniswap-v3,0.15% fee,471153933.46,258038,95808,4186
2024-02-04 00:00:00.000,uniswap-v2,0.15% fee,73889218.72,96159,37494,3657
2024-02-04 00:00:00.000,uniswap-v3,0.15% fee,533869344.22,285670,96318,4225
2024-02-05 00:00:00.000,uniswap-v2,0.15% fee,99818027.23,90423,38606,3614
2024-02-05 00:00:00.000,uniswap-v3,0.15% fee,784230602.84,333350,98072,4462
2024-02-06 00:00:00.000,uniswap-v2,0.15% fee,113079357.4,108062,40638,3202
2024-02-06 00:00:00.000,uniswap-v3,0.15% fee,990746524.62,326727,95328,4467
2024-02-07 00:00:00.000,uniswap-v2,0.15% fee,112692122.76,94128,37910,3168
2024-02-07 00:00:00.000,uniswap-v3,0.15% fee,1052511813.95,362601,103559,4633
2024-02-08 00:00:00.000,uniswap-v2,0.15% fee,130798844.91,105214,38828,2822
2024-02-08 00:00:00.000,uniswap-v3,0.15% fee,1151820044.46,364103,108199,4563
2024-02-09 00:00:00.000,uniswap-v2,0.15% fee,136138468.25,89136,35610,2846
2024-02-09 00:00:00.000,uniswap-v3,0.15% fee,1279138453.52,393202,117115,4501
2024-02-10 00:00:00.000,uniswap-v2,0.15% fee,118068604.7,86608,37948,3299
2024-02-10 00:00:00.000,uniswap-v3,0.15% fee,782451941.73,332429,111175,4723
2024-02-11 00:00:00.000,uniswap-v2,0.15% fee,102457778.3,96692,40399,3516
2024-02-11 00:00:00.000,uniswap-v3,0.15% fee,1007715297.03,332481,114294,4685
2024-02-12 00:00:00.000,uniswap-v2,0.15% fee,115206807.81,95319,36570,3387
2024-02-12 00:00:00.000,uniswap-v3,0.15% fee,1428852422.9,386805,105214,4655
2024-02-13 00:00:00.000,uniswap-v2,0.15% fee,144245073.23,104243,42903,3656
2024-02-13 00:00:00.000,uniswap-v3,0.15% fee,1371538971.88,390286,108098,4754
2024-02-14 00:00:00.000,uniswap-v2,0.15% fee,157563513.88,108971,45787,3751
2024-02-14 00:00:00.000,uniswap-v3,0.15% fee,1298926923.82,366787,105120,4943
2024-02-15 00:00:00.000,uniswap-v2,0.15% fee,201096914.77,117553,47439,3570
2024-02-15 00:00:00.000,uniswap-v3,0.15% fee,1469096650.69,408989,107370,4868
2024-02-16 00:00:00.000,uniswap-v2,0.15% fee,165731340.88,123889,49962,3739
2024-02-16 00:00:00.000,uniswap-v3,0.15% fee,1213281034.07,399649,109971,4971
2024-02-17 00:00:00.000,uniswap-v2,0.15% fee,139357599.14,112246,46572,3705
2024-02-17 00:00:00.000,uniswap-v3,0.15% fee,890202176.85,341795,104551,4711
2024-02-18 00:00:00.000,uniswap-v2,0.15% fee,165455053.47,137249,52838,3834
2024-02-18 00:00:00.000,uniswap-v3,0.15% fee,1044980864.08,363317,108863,4765
2024-02-19 00:00:00.000,uniswap-v2,0.15% fee,205295048.06,132871,52354,3528
2024-02-19 00:00:00.000,uniswap-v3,0.15% fee,1435163241.43,402321,111769,4808
2024-02-20 00:00:00.000,uniswap-v2,0.15% fee,169974933.1,114628,46246,3535
2024-02-20 00:00:00.000,uniswap-v3,0.15% fee,1955263410.42,455319,107413,4778
2024-02-21 00:00:00.000,uniswap-v2,0.15% fee,151277409.09,110382,45026,3374
2024-02-21 00:00:00.000,uniswap-v3,0.15% fee,1842275245.25,432130,108434,4717
2024-02-22 00:00:00.000,uniswap-v2,0.15% fee,151298281.76,108570,42738,3172
2024-02-22 00:00:00.000,uniswap-v3,0.15% fee,1798017857.92,431461,108215,4590
2024-02-23 00:00:00.000,uniswap-v2,0.15% fee,170454595.49,106747,45064,3369
2024-02-23 00:00:00.000,uniswap-v3,0.15% fee,1433576186.09,402147,101742,4710
2024-02-24 00:00:00.000,uniswap-v2,0.15% fee,148789660.31,118608,48587,3654
2024-02-24 00:00:00.000,uniswap-v3,0.15% fee,1034545087.85,337959,102272,4760
2024-02-25 00:00:00.000,uniswap-v2,0.15% fee,166418936.94,118623,49408,3742
2024-02-25 00:00:00.000,uniswap-v3,0.15% fee,1296691694.07,374848,110076,4832
2024-02-26 00:00:00.000,uniswap-v2,0.15% fee,196978843.81,115078,48663,3413
2024-02-26 00:00:00.000,uniswap-v3,0.15% fee,1981340405.87,441278,113571,4979
2024-02-27 00:00:00.000,uniswap-v2,0.15% fee,254480797.35,124671,51270,3488
2024-02-27 00:00:00.000,uniswap-v3,0.15% fee,2186953494.77,442981,118588,4799
2024-02-28 00:00:00.000,uniswap-v2,0.15% fee,309163643.01,111319,48951,3428
2024-02-28 00:00:00.000,uniswap-v3,0.15% fee,3553846245.1,557191,120661,4944
2024-02-29 00:00:00.000,uniswap-v2,0.15% fee,253276968.85,101581,45964,3169
2024-02-29 00:00:00.000,uniswap-v3,0.15% fee,3033017809.36,535277,118097,4967
2024-03-01 00:00:00.000,uniswap-v2,0.15% fee,287691893.54,117580,52651,3344
2024-03-01 00:00:00.000,uniswap-v3,0.15% fee,1989606438.94,402647,112074,4916
2024-03-02 00:00:00.000,uniswap-v2,0.15% fee,328406607.7,144044,61606,3704
2024-03-02 00:00:00.000,uniswap-v3,0.15% fee,1603926535.08,425624,120102,4988
2024-03-03 00:00:00.000,uniswap-v2,0.15% fee,361426685.89,152170,66188,3791
2024-03-03 00:00:00.000,uniswap-v3,0.15% fee,1836655623.43,455480,116853,4876
2024-03-04 00:00:00.000,uniswap-v2,0.15% fee,470477292.94,165849,68324,3672
2024-03-04 00:00:00.000,uniswap-v3,0.15% fee,2613429032.2,515408,127572,5003
2024-03-05 00:00:00.000,uniswap-v2,0.15% fee,569509194.13,153281,63619,3510
2024-03-05 00:00:00.000,uniswap-v3,0.15% fee,5716363714.83,727760,128850,5137
2024-03-06 00:00:00.000,uniswap-v2,0.15% fee,513615023.15,189804,76186,3705
2024-03-06 00:00:00.000,uniswap-v3,0.15% fee,3845586369.08,622882,129007,5125
2024-03-07 00:00:00.000,uniswap-v2,0.15% fee,412679207.77,190645,81051,3876
2024-03-07 00:00:00.000,uniswap-v3,0.15% fee,2381444868.36,534869,132350,5135
2024-03-08 00:00:00.000,uniswap-v2,0.15% fee,424976596.76,185915,80315,3931
2024-03-08 00:00:00.000,uniswap-v3,0.15% fee,2496188909.48,507038,130978,4987
2024-03-09 00:00:00.000,uniswap-v2,0.15% fee,431553244.87,186976,81586,3958
2024-03-09 00:00:00.000,uniswap-v3,0.15% fee,1328414118.05,401100,126886,4864
2024-03-10 00:00:00.000,uniswap-v2,0.15% fee,441963011.8,208595,83628,3991
2024-03-10 00:00:00.000,uniswap-v3,0.15% fee,1902551622.59,476832,128800,5098
2024-03-11 00:00:00.000,uniswap-v2,0.15% fee,443721179.48,200196,81995,4009
2024-03-11 00:00:00.000,uniswap-v3,0.15% fee,2844071180.6,522564,129871,5069
2024-03-12 00:00:00.000,uniswap-v2,0.15% fee,416066101.77,184795,77512,4132
2024-03-12 00:00:00.000,uniswap-v3,0.15% fee,3051069632.14,536467,130471,5076
2024-03-13 00:00:00.000,uniswap-v2,0.15% fee,393003067.16,173119,76308,4048
2024-03-13 00:00:00.000,uniswap-v3,0.15% fee,2433853231.32,479678,129098,5073
2024-03-14 00:00:00.000,uniswap-v2,0.15% fee,390565246.46,180455,75955,4342
2024-03-14 00:00:00.000,uniswap-v3,0.15% fee,3073333373.49,654281,152887,5419
2024-03-15 00:00:00.000,uniswap-v2,0.15% fee,383642217.84,179317,73003,4684
2024-03-15 00:00:00.000,uniswap-v3,0.15% fee,4196261054.99,869176,158875,5498
2024-03-16 00:00:00.000,uniswap-v2,0.15% fee,339114355.23,206488,72328,5075
2024-03-16 00:00:00.000,uniswap-v3,0.15% fee,2608073736.39,732846,149609,5714
2024-03-17 00:00:00.000,uniswap-v2,0.15% fee,291752170.16,190680,71703,4917
2024-03-17 00:00:00.000,uniswap-v3,0.15% fee,2128290050.49,647372,141557,5596
2024-03-18 00:00:00.000,uniswap-v2,0.15% fee,299487060.11,210165,72295,4886
2024-03-18 00:00:00.000,uniswap-v3,0.15% fee,2398941121.35,734493,147545,5396
2024-03-19 00:00:00.000,uniswap-v2,0.15% fee,383472494.86,183095,64993,4462
2024-03-19 00:00:00.000,uniswap-v3,0.15% fee,3668687990.45,1042463,146169,5886
2024-03-20 00:00:00.000,uniswap-v2,0.15% fee,339418818.62,354441,86924,5469
2024-03-20 00:00:00.000,uniswap-v3,0.15% fee,4234775327.93,1153760,169166,5939
2024-03-21 00:00:00.000,uniswap-v2,0.15% fee,264768483.17,294064,82830,5896
2024-03-21 00:00:00.000,uniswap-v3,0.15% fee,2831542988.08,881530,161769,5709
2024-03-22 00:00:00.000,uniswap-v2,0.15% fee,247475057.65,275343,79531,5876
2024-03-22 00:00:00.000,uniswap-v3,0.15% fee,2839991477.34,884376,162425,5659
2024-03-23 00:00:00.000,uniswap-v2,0.15% fee,185314435.16,266656,76936,5932
2024-03-23 00:00:00.000,uniswap-v3,0.15% fee,1632550756.43,683654,152350,5464
2024-03-24 00:00:00.000,uniswap-v2,0.15% fee,200766140.16,360138,89277,6239
2024-03-24 00:00:00.000,uniswap-v3,0.15% fee,1544740798.62,727128,161466,5687
2024-03-25 00:00:00.000,uniswap-v2,0.15% fee,260803987.54,410536,103408,6284
2024-03-25 00:00:00.000,uniswap-v3,0.15% fee,2422542163.43,838033,189996,6207
2024-03-26 00:00:00.000,uniswap-v2,0.15% fee,249946735.64,343666,101726,6371
2024-03-26 00:00:00.000,uniswap-v3,0.15% fee,2432185114.29,855753,207277,5738
2024-03-27 00:00:00.000,uniswap-v2,0.15% fee,273996522.94,413323,105123,6044
2024-03-27 00:00:00.000,uniswap-v3,0.15% fee,2567589122.79,887557,207636,5636
2024-03-28 00:00:00.000,uniswap-v2,0.15% fee,302100493.51,499042,116655,7146
2024-03-28 00:00:00.000,uniswap-v3,0.15% fee,1886576562.39,784850,210950,5853
2024-03-29 00:00:00.000,uniswap-v2,0.15% fee,262800300.67,476992,122291,7366
2024-03-29 00:00:00.000,uniswap-v3,0.15% fee,1846725430.39,798175,222995,5904
2024-03-30 00:00:00.000,uniswap-v2,0.15% fee,242354045.7,546781,132093,7789
2024-03-30 00:00:00.000,uniswap-v3,0.15% fee,1473661807.39,754707,226770,5821
2024-03-31 00:00:00.000,uniswap-v2,0.15% fee,242785162.83,472234,123922,7750
2024-03-31 00:00:00.000,uniswap-v3,0.15% fee,1553528881.26,746455,225018,5842
2024-04-01 00:00:00.000,uniswap-v2,0.15% fee,318570630.69,529840,130215,8300
2024-04-01 00:00:00.000,uniswap-v3,0.15% fee,2147346238.77,864392,219359,6047
2024-04-02 00:00:00.000,uniswap-v2,0.15% fee,356666122.15,502303,126055,7732
2024-04-02 00:00:00.000,uniswap-v3,0.15% fee,3642897597.45,994524,219860,6203
2024-04-03 00:00:00.000,uniswap-v2,0.15% fee,348283293.65,497309,128434,7849
2024-04-03 00:00:00.000,uniswap-v3,0.15% fee,2510887609.28,951659,218335,5932
2024-04-04 00:00:00.000,uniswap-v2,0.15% fee,313386517.55,450709,120398,8196
2024-04-04 00:00:00.000,uniswap-v3,0.15% fee,2101496850.15,918089,215122,6377
2024-04-05 00:00:00.000,uniswap-v2,0.15% fee,270796674.54,476939,119842,8657
2024-04-05 00:00:00.000,uniswap-v3,0.15% fee,2072816035.2,985957,205832,6664
2024-04-06 00:00:00.000,uniswap-v2,0.15% fee,220376748.47,520224,122726,8679
2024-04-06 00:00:00.000,uniswap-v3,0.15% fee,1262699700.95,910446,198812,6461
2024-04-07 00:00:00.000,uniswap-v2,0.15% fee,227744849.08,492288,120790,8681
2024-04-07 00:00:00.000,uniswap-v3,0.15% fee,1756403321.72,1048325,213974,6431
2024-04-08 00:00:00.000,uniswap-v2,0.15% fee,254279353.71,533661,134084,9146
2024-04-08 00:00:00.000,uniswap-v3,0.15% fee,2887938395.09,1211774,245055,6968
2024-04-09 00:00:00.000,uniswap-v2,0.15% fee,258421209.61,505789,119339,8451
2024-04-09 00:00:00.000,uniswap-v3,0.15% fee,2838776463.73,1180076,210920,6520
2024-04-10 00:00:00.000,uniswap-v2,0.15% fee,243898674.4,549452,119840,8799
2024-04-10 00:00:00.000,uniswap-v3,0.15% fee,2635422589.64,1120411,205003,6484
2024-04-11 00:00:00.000,uniswap-v2,0.15% fee,226712532.31,568399,117347,8806
2024-04-11 00:00:00.000,uniswap-v3,0.15% fee,2467075103.34,1003734,209188,6364
2024-04-12 00:00:00.000,uniswap-v2,0.15% fee,283586988.12,513548,107912,8832
2024-04-12 00:00:00.000,uniswap-v3,0.15% fee,3355217355.2,1090586,204158,6757
2024-04-13 00:00:00.000,uniswap-v2,0.15% fee,450638892.95,472855,96226,8845
2024-04-13 00:00:00.000,uniswap-v3,0.15% fee,4044157484.55,1187604,188171,6656
2024-04-14 00:00:00.000,uniswap-v2,0.15% fee,249763352.71,464856,92757,9055
2024-04-14 00:00:00.000,uniswap-v3,0.15% fee,2994492667.8,1197858,177885,6510
2024-04-15 00:00:00.000,uniswap-v2,0.25% fee,235763316.41,478925,94273,8797
2024-04-15 00:00:00.000,uniswap-v3,0.25% fee,2951628711.75,1078911,177759,6353
2024-04-16 00:00:00.000,uniswap-v2,0.25% fee,215258683.7,463549,91721,8573
2024-04-16 00:00:00.000,uniswap-v3,0.25% fee,2689114342,1093862,175632,6307
2024-04-17 00:00:00.000,uniswap-v2,0.25% fee,202837117.01,468794,95559,8387
2024-04-17 00:00:00.000,uniswap-v3,0.25% fee,2222802631.32,928125,175225,6127
2024-04-18 00:00:00.000,uniswap-v2,0.25% fee,178065949.99,457740,100395,8622
2024-04-18 00:00:00.000,uniswap-v3,0.25% fee,2052269987.75,959881,170764,6211
2024-04-19 00:00:00.000,uniswap-v2,0.25% fee,216960454.15,472613,100314,8679
2024-04-19 00:00:00.000,uniswap-v3,0.25% fee,2932107273.39,1152903,172592,6184
2024-04-20 00:00:00.000,uniswap-v2,0.25% fee,148144851.5,427804,97155,9102
2024-04-20 00:00:00.000,uniswap-v3,0.25% fee,1345187690.92,910510,176819,6634
2024-04-21 00:00:00.000,uniswap-v2,0.25% fee,156225357.23,439706,96337,9021
2024-04-21 00:00:00.000,uniswap-v3,0.25% fee,1302750525.47,869095,172141,6342
2024-04-22 00:00:00.000,uniswap-v2,0.25% fee,216430108.81,565876,107817,8955
2024-04-22 00:00:00.000,uniswap-v3,0.25% fee,1856489375.43,929081,178668,6554
2024-04-23 00:00:00.000,uniswap-v2,0.25% fee,197556059.11,518542,105561,8856
2024-04-23 00:00:00.000,uniswap-v3,0.25% fee,1563906122.49,872066,189112,6214
2024-04-24 00:00:00.000,uniswap-v2,0.25% fee,202589798.53,553189,106949,8844
2024-04-24 00:00:00.000,uniswap-v3,0.25% fee,2286566326.57,920197,186542,6370
2024-04-25 00:00:00.000,uniswap-v2,0.25% fee,165373570.84,490286,101764,8503
2024-04-25 00:00:00.000,uniswap-v3,0.25% fee,2048553199.7,934406,196498,6054
2024-04-26 00:00:00.000,uniswap-v2,0.25% fee,159517551.27,517424,102005,8975
2024-04-26 00:00:00.000,uniswap-v3,0.25% fee,1611298881.64,825075,185003,5999
2024-04-27 00:00:00.000,uniswap-v2,0.25% fee,155917109.37,500153,96106,9073
2024-04-27 00:00:00.000,uniswap-v3,0.25% fee,1590653507.59,824259,168196,6232
2024-04-28 00:00:00.000,uniswap-v2,0.25% fee,136930339.36,479888,93273,9353
2024-04-28 00:00:00.000,uniswap-v3,0.25% fee,1518961714.86,765725,156073,6131
2024-04-29 00:00:00.000,uniswap-v2,0.25% fee,127304109.99,441039,90057,8988
2024-04-29 00:00:00.000,uniswap-v3,0.25% fee,1979014712.93,911011,156103,6146
2024-04-30 00:00:00.000,uniswap-v2,0.25% fee,174633140.72,420081,89382,8682
2024-04-30 00:00:00.000,uniswap-v3,0.25% fee,2616923189.19,998872,161512,6391
2024-05-01 00:00:00.000,uniswap-v2,0.25% fee,182043758.32,383066,85546,8718
2024-05-01 00:00:00.000,uniswap-v3,0.25% fee,2621312920.81,1089993,158839,6316
2024-05-02 00:00:00.000,uniswap-v2,0.25% fee,137754198.31,408382,89001,8650
2024-05-02 00:00:00.000,uniswap-v3,0.25% fee,1812181323.41,869794,148059,6191
2024-05-03 00:00:00.000,uniswap-v2,0.25% fee,145183710.64,383621,90217,8101
2024-05-03 00:00:00.000,uniswap-v3,0.25% fee,1783873059.43,744867,144808,6318
2024-05-04 00:00:00.000,uniswap-v2,0.25% fee,131471051.51,397507,89435,8288
2024-05-04 00:00:00.000,uniswap-v3,0.25% fee,1155493677.8,704020,141585,6160
2024-05-05 00:00:00.000,uniswap-v2,0.25% fee,118349101.67,423028,85624,8602
2024-05-05 00:00:00.000,uniswap-v3,0.25% fee,1046417966.36,660203,133423,6140
2024-05-06 00:00:00.000,uniswap-v2,0.25% fee,149104764.44,460034,94128,9333
2024-05-06 00:00:00.000,uniswap-v3,0.25% fee,1604482827.61,812289,156330,6425
2024-05-07 00:00:00.000,uniswap-v2,0.25% fee,126664362.06,433652,91034,8854
2024-05-07 00:00:00.000,uniswap-v3,0.25% fee,1531843914.1,784189,154855,6384
2024-05-08 00:00:00.000,uniswap-v2,0.25% fee,132847673.2,446694,89189,9116
2024-05-08 00:00:00.000,uniswap-v3,0.25% fee,1564903981.92,779580,148516,6344
2024-05-09 00:00:00.000,uniswap-v2,0.25% fee,143592068.28,407454,90330,8330
2024-05-09 00:00:00.000,uniswap-v3,0.25% fee,1154167421.78,745591,152893,6590
2024-05-10 00:00:00.000,uniswap-v2,0.25% fee,123134589.85,418423,84980,8298
2024-05-10 00:00:00.000,uniswap-v3,0.25% fee,1288140551.65,716658,153495,6550
2024-05-11 00:00:00.000,uniswap-v2,0.25% fee,99343260.35,410963,74435,8846
2024-05-11 00:00:00.000,uniswap-v3,0.25% fee,692524114.89,631203,138907,5943
2024-05-12 00:00:00.000,uniswap-v2,0.25% fee,93214611.17,374598,70402,8290
2024-05-12 00:00:00.000,uniswap-v3,0.25% fee,532351262.83,556700,138699,5937
2024-05-13 00:00:00.000,uniswap-v2,0.25% fee,167233618.38,402316,87055,7967
2024-05-13 00:00:00.000,uniswap-v3,0.25% fee,1266422012.25,713142,150838,6488
2024-05-14 00:00:00.000,uniswap-v2,0.25% fee,180216729.25,400623,85863,8056
2024-05-14 00:00:00.000,uniswap-v3,0.25% fee,1168570075.68,693598,139262,6490
2024-05-15 00:00:00.000,uniswap-v2,0.25% fee,188265390.81,420075,86738,8417
2024-05-15 00:00:00.000,uniswap-v3,0.25% fee,1650990118.94,738972,141492,6688
2024-05-16 00:00:00.000,uniswap-v2,0.25% fee,129397846.13,379484,78638,8296
2024-05-16 00:00:00.000,uniswap-v3,0.25% fee,1305886179.27,658656,148138,6530
2024-05-17 00:00:00.000,uniswap-v2,0.25% fee,124362473.28,358453,73073,7930
2024-05-17 00:00:00.000,uniswap-v3,0.25% fee,1537145537.25,690138,148093,6436
2024-05-18 00:00:00.000,uniswap-v2,0.25% fee,121368030.3,341675,71709,8151
2024-05-18 00:00:00.000,uniswap-v3,0.25% fee,1002575984.27,509766,125699,6184
2024-05-19 00:00:00.000,uniswap-v2,0.25% fee,119750459.25,360176,75266,7670
2024-05-19 00:00:00.000,uniswap-v3,0.25% fee,970521483.03,514237,117033,6097
2024-05-20 00:00:00.000,uniswap-v2,0.25% fee,220262176.74,417357,83082,7971
2024-05-20 00:00:00.000,uniswap-v3,0.25% fee,3451006749.5,858834,153612,6825
2024-05-21 00:00:00.000,uniswap-v2,0.25% fee,248692083.74,436171,99238,8722
2024-05-21 00:00:00.000,uniswap-v3,0.25% fee,3888390595.17,944851,167411,7037
2024-05-22 00:00:00.000,uniswap-v2,0.25% fee,213984438.55,446296,106915,8448
2024-05-22 00:00:00.000,uniswap-v3,0.25% fee,2651847746.04,801955,162631,6635
2024-05-23 00:00:00.000,uniswap-v2,0.25% fee,306741345.65,463158,104095,8082
2024-05-23 00:00:00.000,uniswap-v3,0.25% fee,5449896668.79,1042502,168279,6594
2024-05-24 00:00:00.000,uniswap-v2,0.25% fee,220005207.71,464554,105279,8532
2024-05-24 00:00:00.000,uniswap-v3,0.25% fee,2516252224.06,832783,157617,6759
2024-05-25 00:00:00.000,uniswap-v2,0.25% fee,172546962.38,396997,95499,8465
2024-05-25 00:00:00.000,uniswap-v3,0.25% fee,1058519804.38,543451,138137,6240
2024-05-26 00:00:00.000,uniswap-v2,0.25% fee,234599960.3,428978,99415,8642
2024-05-26 00:00:00.000,uniswap-v3,0.25% fee,1869456206.92,633472,135505,6481
2024-05-27 00:00:00.000,uniswap-v2,0.25% fee,340176726.93,499433,115041,7914
2024-05-27 00:00:00.000,uniswap-v3,0.25% fee,1895805853.71,665004,150686,6406
2024-05-28 00:00:00.000,uniswap-v2,0.25% fee,271817603.99,487261,125651,7809
2024-05-28 00:00:00.000,uniswap-v3,0.25% fee,1829591376.12,726218,151574,6410
2024-05-29 00:00:00.000,uniswap-v2,0.25% fee,278437198.88,541460,129087,8111
2024-05-29 00:00:00.000,uniswap-v3,0.25% fee,2402160266.39,708078,155690,6553
2024-05-30 00:00:00.000,uniswap-v2,0.25% fee,271113492.58,547126,152875,8426
2024-05-30 00:00:00.000,uniswap-v3,0.25% fee,1816081041.9,779498,168621,6785
2024-05-31 00:00:00.000,uniswap-v2,0.25% fee,277166726.01,564684,137670,8490
2024-05-31 00:00:00.000,uniswap-v3,0.25% fee,1880254431.49,692106,168333,6637
2024-06-01 00:00:00.000,uniswap-v2,0.25% fee,208369115.91,542979,108015,9066
2024-06-01 00:00:00.000,uniswap-v3,0.25% fee,868588704.04,475280,129531,6442
2024-06-02 00:00:00.000,uniswap-v2,0.25% fee,190622799.92,568281,106750,9018
2024-06-02 00:00:00.000,uniswap-v3,0.25% fee,1038320875.61,557470,129271,6271
2024-06-03 00:00:00.000,uniswap-v2,0.25% fee,252507882.53,614379,123729,9401
2024-06-03 00:00:00.000,uniswap-v3,0.25% fee,1410333741.7,717891,154472,6578
2024-06-04 00:00:00.000,uniswap-v2,0.25% fee,228770521.97,758834,163323,9684
2024-06-04 00:00:00.000,uniswap-v3,0.25% fee,1517691343.21,734695,170041,6897
2024-06-05 00:00:00.000,uniswap-v2,0.25% fee,276628819.72,824580,152499,9604
2024-06-05 00:00:00.000,uniswap-v3,0.25% fee,1511406357.45,668608,160180,6850
2024-06-06 00:00:00.000,uniswap-v2,0.25% fee,242886391.57,883132,141233,10005
2024-06-06 00:00:00.000,uniswap-v3,0.25% fee,1189105467.7,642505,146847,6853
2024-06-07 00:00:00.000,uniswap-v2,0.25% fee,287738207.15,740625,138165,9606
2024-06-07 00:00:00.000,uniswap-v3,0.25% fee,1785795688.59,757564,156582,7483
2024-06-08 00:00:00.000,uniswap-v2,0.25% fee,239922731.44,700408,145382,9995
2024-06-08 00:00:00.000,uniswap-v3,0.25% fee,815576725.19,594579,144159,6813
2024-06-09 00:00:00.000,uniswap-v2,0.25% fee,223664328.05,690027,152327,10151
2024-06-09 00:00:00.000,uniswap-v3,0.25% fee,708275210.21,550793,141172,6443
2024-06-10 00:00:00.000,uniswap-v2,0.25% fee,243757488.84,775976,165673,10506
2024-06-10 00:00:00.000,uniswap-v3,0.25% fee,1290332962.1,644427,145175,6662
2024-06-11 00:00:00.000,uniswap-v2,0.25% fee,242316555.21,794360,163745,10285
2024-06-11 00:00:00.000,uniswap-v3,0.25% fee,2093208549.68,789717,143359,7121
2024-06-12 00:00:00.000,uniswap-v2,0.25% fee,243180229.54,818015,204847,9737
2024-06-12 00:00:00.000,uniswap-v3,0.25% fee,1886176424.47,751818,149163,6742
2024-06-13 00:00:00.000,uniswap-v2,0.25% fee,213682635.31,804993,225032,9247
2024-06-13 00:00:00.000,uniswap-v3,0.25% fee,1637469681.93,747795,165327,6945
2024-06-14 00:00:00.000,uniswap-v2,0.25% fee,219533506.72,770631,211923,9361
2024-06-14 00:00:00.000,uniswap-v3,0.25% fee,1704492502.09,773304,162210,6937
2024-06-15 00:00:00.000,uniswap-v2,0.25% fee,165816475.47,795213,201735,10911
2024-06-15 00:00:00.000,uniswap-v3,0.25% fee,878726978.22,609156,147413,6917
2024-06-16 00:00:00.000,uniswap-v2,0.25% fee,170438609.46,820317,225154,11266
2024-06-16 00:00:00.000,uniswap-v3,0.25% fee,895477134.09,528797,136623,6716
2024-06-17 00:00:00.000,uniswap-v2,0.25% fee,232605881.39,835806,233550,11005
2024-06-17 00:00:00.000,uniswap-v3,0.25% fee,1760465117.86,776255,172467,6948
2024-06-18 00:00:00.000,uniswap-v2,0.25% fee,308140217.03,764674,223306,10206
2024-06-18 00:00:00.000,uniswap-v3,0.25% fee,2164954793.98,879010,163210,7190
2024-06-19 00:00:00.000,uniswap-v2,0.25% fee,183598461.16,927322,265687,10928
2024-06-19 00:00:00.000,uniswap-v3,0.25% fee,1550380432.56,733173,146982,7244
2024-06-20 00:00:00.000,uniswap-v2,0.25% fee,163062070.41,931511,276455,10232
2024-06-20 00:00:00.000,uniswap-v3,0.25% fee,1499763059.7,738861,206676,6424
2024-06-21 00:00:00.000,uniswap-v2,0.25% fee,145428732.96,874415,247246,10644
2024-06-21 00:00:00.000,uniswap-v3,0.25% fee,1987299038.62,769295,185935,6531
2024-06-22 00:00:00.000,uniswap-v2,0.25% fee,118382270.61,836472,214660,11245
2024-06-22 00:00:00.000,uniswap-v3,0.25% fee,741875414.19,517135,146802,6392
2024-06-23 00:00:00.000,uniswap-v2,0.25% fee,120396783.65,1019675,300049,11101
2024-06-23 00:00:00.000,uniswap-v3,0.25% fee,998513533.32,550653,142040,6473
2024-06-24 00:00:00.000,uniswap-v2,0.25% fee,198110089.67,904060,265100,11079
2024-06-24 00:00:00.000,uniswap-v3,0.25% fee,2727414607.3,902291,150950,6798
2024-06-25 00:00:00.000,uniswap-v2,0.25% fee,178665196.57,1083256,275944,10587
2024-06-25 00:00:00.000,uniswap-v3,0.25% fee,1467766877.31,738418,173375,6640
2024-06-26 00:00:00.000,uniswap-v2,0.25% fee,157059898.33,954739,270195,11062
2024-06-26 00:00:00.000,uniswap-v3,0.25% fee,1358370280.35,670072,158902,6416
2024-06-27 00:00:00.000,uniswap-v2,0.25% fee,165276250.91,915907,295995,10054
2024-06-27 00:00:00.000,uniswap-v3,0.25% fee,1760794330.6,661980,144416,6430
2024-06-28 00:00:00.000,uniswap-v2,0.25% fee,164929611.53,960723,355643,10799
2024-06-28 00:00:00.000,uniswap-v3,0.25% fee,1424723600.78,639972,146269,6327
2024-06-29 00:00:00.000,uniswap-v2,0.25% fee,135407702.7,932074,358498,11405
2024-06-29 00:00:00.000,uniswap-v3,0.25% fee,599362849.99,485541,142732,6128
2024-06-30 00:00:00.000,uniswap-v2,0.25% fee,141656748.59,835585,266843,11118
2024-06-30 00:00:00.000,uniswap-v3,0.25% fee,864645867.87,559576,148464,6240
2024-07-01 00:00:00.000,uniswap-v2,0.25% fee,160757869.62,968512,317209,11278
2024-07-01 00:00:00.000,uniswap-v3,0.25% fee,1304102421.72,671736,154054,6482
2024-07-02 00:00:00.000,uniswap-v2,0.25% fee,141109490.14,982246,377127,11706
2024-07-02 00:00:00.000,uniswap-v3,0.25% fee,957686822.64,600592,157292,6237
2024-07-03 00:00:00.000,uniswap-v2,0.25% fee,185177279.88,1023171,416846,11220
2024-07-03 00:00:00.000,uniswap-v3,0.25% fee,1758534054.51,719883,158021,6402
2024-07-04 00:00:00.000,uniswap-v2,0.25% fee,178854971.84,857701,362925,11376
2024-07-04 00:00:00.000,uniswap-v3,0.25% fee,2295660943.51,807700,139248,6790
2024-07-05 00:00:00.000,uniswap-v2,0.25% fee,237642584.54,720707,241851,11262
2024-07-05 00:00:00.000,uniswap-v3,0.25% fee,3127289704.78,1023655,144929,7009
2024-07-06 00:00:00.000,uniswap-v2,0.25% fee,117543778.92,725714,241813,11583
2024-07-06 00:00:00.000,uniswap-v3,0.25% fee,970218880.77,630318,124073,6529
2024-07-07 00:00:00.000,uniswap-v2,0.25% fee,109940252.32,761406,267375,11742
2024-07-07 00:00:00.000,uniswap-v3,0.25% fee,908208641.34,623566,111081,6069
2024-07-08 00:00:00.000,uniswap-v2,0.25% fee,164803240.62,791858,283532,11475
2024-07-08 00:00:00.000,uniswap-v3,0.25% fee,2203490178.97,1000517,132511,6255
2024-07-09 00:00:00.000,uniswap-v2,0.25% fee,130632927.41,855523,287930,11320
2024-07-09 00:00:00.000,uniswap-v3,0.25% fee,1557190159.18,805476,126812,6025
2024-07-10 00:00:00.000,uniswap-v2,0.25% fee,155761195.2,883567,291592,11104
2024-07-10 00:00:00.000,uniswap-v3,0.25% fee,1379945885.54,702182,133132,5943
2024-07-11 00:00:00.000,uniswap-v2,0.25% fee,137362376.59,919313,387092,10810
2024-07-11 00:00:00.000,uniswap-v3,0.25% fee,1371321168.15,670819,124526,6307
2024-07-12 00:00:00.000,uniswap-v2,0.25% fee,143972127.95,870676,291750,12246
2024-07-12 00:00:00.000,uniswap-v3,0.25% fee,1233087364.18,615482,116028,6153
2024-07-13 00:00:00.000,uniswap-v2,0.25% fee,143611969.52,865506,267589,12238
2024-07-13 00:00:00.000,uniswap-v3,0.25% fee,791722581.05,469679,114167,6151
2024-07-14 00:00:00.000,uniswap-v2,0.25% fee,169780766.08,908954,321150,10998
2024-07-14 00:00:00.000,uniswap-v3,0.25% fee,940450246.72,524288,117517,6102
2024-07-15 00:00:00.000,uniswap-v2,0.25% fee,191197602.3,910815,368104,10724
2024-07-15 00:00:00.000,uniswap-v3,0.25% fee,2391198015.21,761374,147737,6736
2024-07-16 00:00:00.000,uniswap-v2,0.25% fee,108945598.13,456770,184284,6810
2024-07-16 00:00:00.000,uniswap-v3,0.25% fee,1057779210.98,372110,72343,5303
